Sophisticated Sewing,+9826078168,"Congo, Democratic Republic of the",49971₽,drama
Stylish Silhouettes,+2043620124,Macedonia,27554₽,proposal
Urban Upmarket,+31147501942,Paraguay,50897₽,secretary
Haute Hues,+67251095299,Ethiopia,58052₽,revenue
Body Bliss,+3569257396,Mauritius,83098₽,height
Refined Rags,+26815766556,Honduras,52969₽,tennis
Beauty Bar,+83520792054,Hungary,46980₽,injury
Body Bliss,+94729450255,Rwanda,69951₽,height
Smart Styles,+90196291609,Colombia,55778₽,entry
Crisp Creations,+11266535337,Spain,87604₽,administration
Chic Boutique,+69526562483,Cape Verde,11741₽,thanks
Body Bliss,+6784141012,Jordan,47193₽,drawer
Sleek Styles,+43768435997,Antigua and Barbuda,49179₽,data
Fashion Forward,+86441458195,Nepal,93674₽,midnight
Posh Patterns,+47471264004,Grenada,46526₽,basket
Sophisticated Sewing,+18766829273,Uzbekistan,68390₽,newspaper
Urban Upmarket,+84721990613,Pakistan,20116₽,cookie
Dapper Designs,+62393795578,Latvia,92633₽,computer
Sleek Styles,+68643909561,Venezuela,35697₽,topic
Salon Suites,+0445824728,Canada,83690₽,language
Fashion Fusion,+20871146651,Cote d'Ivoire,95555₽,passenger
Refined Rags,+14751846514,Portugal,46173₽,contribution
Trendsetting Tailors,+5887492769,Belgium,32016₽,development
Wellness World,+46516757858,Mali,21487₽,cell
Stylish Silhouettes,+35354042533,Belgium,54567₽,map
Elite Elegance,+2823483562,Greece,36437₽,context
Glamour Galore,+88506501358,Latvia,56604₽,organization
Fine Fabrics,+3396369107,Bulgaria,24039₽,affair
Skin Studio,+9850902619,Swaziland,33363₽,contract
Posh Patterns,+5119926339,Oman,48665₽,emphasis
Stylish Silhouettes,+11406710342,Turkmenistan,13715₽,affair
Makeup Maven,+4362871223,Burundi,78519₽,distribution
Stylish Silhouettes,+77788108415,Vatican City (Holy See),35771₽,distribution
Urban Upmarket,+17612757192,Guyana,13908₽,oven
Salon Suites,+74405499782,Solomon Islands,92369₽,basket
Elegant Ensembles,+64720376048,Ethiopia,40905₽,mixture
Glamour Galore,+83286564535,Samoa,45960₽,language
Stellar Stitches,+69882162254,Monaco,25586₽,dad
Classy Collections,+43459604408,East Timor (Timor-Leste),67536₽,tea
Urban Upmarket,+96389296326,Marshall Islands,54054₽,cookie
Urban Upmarket,+60282182179,Kyrgyzstan,72897₽,death
Sleek Styles,+67286397739,Azerbaijan,74382₽,administration
Trendsetting Tailors,+6687947206,Croatia,89636₽,distribution
Classy Collections,+1325461646,Costa Rica,39829₽,definition
Clipper Cuts,+55852773587,Bosnia and Herzegovina,35496₽,cigarette
Salon Suites,+97775175789,Finland,37363₽,sample
Nail Nook,+77352127712,Liechtenstein,82486₽,employment
Fashion Fusion,+83802276795,Sudan,40139₽,revolution
Posh Patterns,+92249722253,Palau,65548₽,entry
Modern Maven,+37516949627,Norway,77524₽,dad
Fine Fabrics,+91317999138,Saint Lucia,87978₽,agreement
Trendsetting Tailors,+49408891698,United Arab Emirates,17800₽,mode
Urban Upmarket,+65691066571,Israel,11397₽,computer
Urban Upmarket,+22808834854,Sierra Leone,40674₽,explanation
Posh Patterns,+68650427926,Qatar,72660₽,advice
Fashion Forward,+70235790789,United Kingdom,56578₽,truth
Stellar Stitches,+25802644230,Mauritania,16641₽,proposal
Crisp Creations,+45202520243,Costa Rica,99825₽,signature
Posh Patterns,+82287181023,Niger,85483₽,advice
Skin Studio,+59752892374,Bulgaria,17769₽,marriage
Haute Hues,+69261995671,Seychelles,17110₽,indication
Crisp Creations,+14158565555,Madagascar,44655₽,explanation
Classy Collections,+39757123499,Israel,59801₽,distribution
Trendsetting Tailors,+38690173259,Djibouti,49022₽,tennis
Crisp Creations,+38551968090,Denmark,30185₽,enthusiasm
Sleek Styles,+88555105902,Israel,64683₽,drama
Sleek Styles,+78700402856,Madagascar,32402₽,hair
Nail Nook,+30535050226,Belarus,34666₽,contract
Urban Upmarket,+0227950709,Belgium,16644₽,mixture
Crisp Creations,+72801665928,Suriname,91862₽,office
Stellar Stitches,+88731191972,Switzerland,73625₽,language
Fashion Fusion,+47488314550,Malaysia,37104₽,marriage
Stellar Stitches,+41497089646,Malawi,36797₽,wood
Posh Patterns,+67206012033,Lithuania,59488₽,mode
Chic Couture,+51420354629,India,67354₽,library
Crisp Creations,+16545869694,Cote d'Ivoire,49655₽,community
Sleek Styles,+38641746490,Liberia,64521₽,concept
Fashion Forward,+86167234704,Taiwan,10217₽,wood
